#,title,author,category,read?,audio?,language,# Pages,Location,Audible,Chicago?,Cincinnati?
,Smithsonian Civil War,?,Civil War,No,No,English,,Chicago,No,No,No
,Empresses Of China's Forbidden City,?,China,No,No,English,,Chicago,No,No,No
,The Mexican Revolution,Adolfo Gilly,South American History,No,No,English ,416,Chicago ,No,No,No
,Glass,Alan Macfarlane & Gerry Martin,History,No,No,English ,203,Chicago,No,No,No
,The Wisdom Of The Bones,Alan Walker & Pat Shipman,Anthropology,No,No,English,301,Chicago,No,No,No
,India Calling,Anand Giridharadas,History,No,No,English ,254,Chicago,No,No,No
,Beyond The River,Ann Hagedorn,Civil War,No,No,English,279,Chicago,No,No,No
,Witness In Palestine,Anna Baltzer,Modern History,No,No,English,365,Chicago,No,No,No
,The Weaker Vessel,Antonia Fraser,Gender Studies,No,No,English,470,Chicago,No,No,No
,The First Emperor Of China,Arthur Cotterell,China,No,No,English ,208,Chicago ,No,No,No
,Ellis Island Offical Souvenir Guide,B. Colin Hamblin,History,No,No,English,36,Chicago,No,No,No
,Abraham Lincoln,Benjamin P. Thomas,Civil War,No,No,English,522,Chicago,No,No,No
,Lincoln in 3D,Bob Zeller & John J. Richter,Civil War,No,No,English,209,Chicago,No,No,No
,Math And The Mona Lisa,Bulent Atalay,Art,No,No,English,282,Chicago,No,No,No
1,The Mountain's Call,Caitlin Brennan,Fiction,No,No,English ,459,Chicago ,No,No,No
2,Song Of Unmaking,Caitlin Brennan,Fiction,No,No,English ,479,Chicago ,No,No,No
3,Shattered Dance ,Caitlin Brennan,Fiction,No,No,English ,442,Chicago ,No,No,No
,Aztec And Maya,Charels Philips,Native Americans,No,No,English,501,Chicago,No,No,No
,Maya,Charles Gallenkamp,South American History,No,No,English,207,Chicago,No,No,No
,WIll The Boat Sink In The Water,Chen Guidi & Wu Chuntao,China,No,No,English ,219,Chicago ,No,No,No
1,Silver Phoenix,Cindy Pon,Fiction,No,No,English ,338,Chicago ,No,No,No
1,The Raw And The Cooked,Claude Levi Strauss,Anthropology,No,No,English,342,Chicago,No,No,No
,The Math Book,Clifford A. Pickover,Math,No,No,English ,516,Chicago ,No,No,No
,Lincoln The Unknown,Dale Carnegie,Civil War,No,No,English,253,Chicago,No,No,No
,Walking Cincinnati,Danny Korman & Katie Meyer,Travel,No,No,English,245,Chicago,No,No,No
,American Revolution,David C. G. Dutcher,American History,No,No,English,56,Chicago,No,No,No
,The War On Sex,David M. Halperin & Trevor Hoppe,Gender Studies,No,No,English,464,Chicago,No,No,No
,Returning to Reims,"Dider Eribon, Micheal Lucey, & George Chauncey",Anthropology,No,No,English ,245,Chicago,No,No,No
,American Battles,Don Troiani,American History,No,No,English ,248,Chicago ,No,No,No
,The Navajo Code Talkers,Doris A. Paul,Native Americans,No,No,English,152,Chicago,No,No,No
,Anthropology Of Everyday Life,Edward T. Hall,Anthropology,No,No,English,261,Chicago,No,No,No
,On Morality And Society,Emile Durkheim,Anthropology,No,No,English,223,Chicago,No,No,No
,Teach with Your Heart,Erin Gruwell,Memior,No,No,English ,265,Chicago ,No,No,No
,Teacher Says,Evelyn Porreca Vuko,Teaching,No,No,English ,290,Chicago ,No,No,No
,All Seville,Fisa Escudo De Oro,Travel,No,No,English,115,Chicago,No,No,No
,All Madrid,Fisa Escudo De Oro,Travel,No,No,English,115,Chicago,No,No,No
,Book Of The Hopi,Frank Waters,Native Americans,No,No,English,337,Chicago,No,No,No
,Anthropology And Modern Life,Franz Boas,Anthropology,No,No,English,246,Chicago,No,No,No
,American Born Chinese,Gene Luen Yang,Fiction,No,No,English ,231,Chicago ,No,No,No
,Sherlock Files,Guy Adams,TV and movie,No,No,English,159,Chicago,No,No,No
,The Last Empress,Hannah Pakula,China,No,No,English,681,Chicago,No,No,No
,House and Home Papers,Harriet Beecher Stowe,Civil War,No,No,English ,333,Chicago ,No,No,No
,A Key to Uncle Tom's Cabin,Harriet Beecher Stowe,Civil War,No,No,English ,256,Chicago ,No,No,No
,Gettysburg,Harry W. Pfanz,Civil War,No,No,English,60,Chicago,No,No,No
,"Lucy's Bones, Sacred Stones, & Einstein's Brain",Harvey Rachlin,Anthropology,No,No,English,353,Chicago,No,No,No
,Lost City Of The Incas,Hiram Bingham,Native Americans,No,No,English ,254,Chicago ,No,No,No
,The Art Of Fullmetal Alchemist,Hiromu Arakawa,TV and movie,No,No,English,95,Chicago,No,No,No
,When Baghdad Ruled The Muslim World,Hugh Kennedy,History,No,No,English ,296,Chicago ,No,No,No
,Myths And Legends,Jake Jackson,Religion,No,No,English,484,Chicago,No,No,No
,Shakespear Notebooks,"James Goss, Jonathan Morris, Julian Richards, Justin Richards, & Matthew Sweet",TV and movie,No,No,English,210,Chicago,No,No,No
,History Of The Civil War,James I. Robertson Jr.,Civil War,No,No,English,63,Chicago,No,No,No
,The Ghost Dance Religion And The Sioux Outbreak Of 1890,James Mooney,Native Americans,No,No,English ,331,Chicago ,No,No,No
,The Neandertal Enigma,James Shreeve,Anthropology,No,No,English,342,Chicago,No,No,No
,The Chinese,Jasper Becker,China,No,No,English,377,Chicago,No,No,No
,The Civil War Experiance,Jay Wertz,Civil War,No,No,English ,`63,Chicago ,No,No,No
,The Royal Palace Madrid,Jean-Francois Lasnier,Travel,No,No,English,62,Chicago,No,No,No
,Downton Abby A Celebration,Jessica Fellows,TV and movie,No,No,English,317,Chicago,No,No,No
,Che,Jon Lee Anderson & Jose Hernandez,South American History,No,No,English ,421,Chicago ,No,No,No
,Return To Dragon Mountain ,Jonathan D. Spence,China,No,No,English ,332,Chicago ,No,No,No
,Treason By The Book,Jonathan D. Spence,China,No,No,English ,247,Chicago,No,No,No
,A History Of God,Karen Armstrong,Religion,No,No,English,399,Chicago,No,No,No
,Victorians Undone,Kathryn Hughes,History,No,No,English ,365,Chicago ,No,No,No
,Counting Coup,Larry Colton,Native Americans,No,No,English ,413,Chicago,No,No,No
,Cries From The Dark Side Of The Moon,Lauren M. White,Poetry,No,No,English ,50,Chicago,No,No,No
,Fire Logic,Laurie J. Marks,Fiction,No,No,English ,359,Chicago,No,No,No
,Yellow Woman And A Beauty Of The Spirit,Leslie Marmon Silko,Native Americans,No,No,English ,200,Chicago,No,No,No
,The Corpse Walker,Liao Yiwu,China,No,No,English,328,Chicago,No,No,No
,My Country And My People,Lin Yutang,China,No,No,English ,348,Chicago,No,No,No
,God's Red Son,Louis S. Warren,Native Americans,No,No,English ,402,Chicago ,No,No,No
1,The Collection,"Manuel J. Borja-Villel, Jesus Carrillo, & ROsario Peiro",Art,No,No,English,229,Chicago,No,No,No
2,The Collection,"Manuel J. Borja-Villel, Jesus Carrillo, & ROsario Peiro",Art,No,No,English,255,Chicago,No,No,No
,Heros,Many,TV and movie,No,No,English,270,Chicago,No,No,No
,Cincinnati Goes to War,Many,Travel,No,No,English ,94,Chicago ,No,No,No
,Male And Female,Margaret Mead,Anthropology,No,No,English,360,Chicago,No,No,No
,Coming Of Age In Samoa,Margaret Mead,Anthropology,No,No,English ,170,Chicago ,No,No,No
,Nisa,Marjorie Shostak,Anthropology,No,No,English,371,Chicago,No,No,No
,The Massacre At El Mozote,Mark Danner,South American History,No,No,English ,320,Chicago ,No,No,No
,"The Aztec, Inca And Maya",Martin J. Dougherty,South American History,No,No,English,217,Chicago,No,No,No
,A Brief History Of Time Lords,Matt Kemp & Justin Richards,TV and movie,No,No,English,46,Chicago,No,No,No
,A Brief History Of The Human Race,Michael Cook,History,No,No,English ,359,Chicago,No,No,No
,The Search For Eve,Micheal H. Brown,Science,No,No,English,318,Chicago,No,No,No
,Museo Arqueologico Nacional,"Minestry Of Education, Culutre, & Sports",Art,No,No,English,138,Chicago,No,No,No
2,Heaven Official's Blessing Vol 2,Mo Xiang Tong Xiu,MXTX,No,No,English ,389,Chicago,No,No,No
,Partir Para Contar,Muhmud Traore & Bruno Le Dantec,Memior,No,No,Spanish,276,Chicago,No,No,No
,China Wakes,Nicolas D. Kristof & Sheryl Wudunn,China,No,No,English ,459,Chicago ,No,No,No
,Claude Levi-Strauss,Patrick Wilcken,Anthropology,No,No,English ,432,Chicago ,No,No,No
,Museo Thyssen - Bornemisza,Paul Edson & Araceli Montero,Art,No,No,English,73,Chicago,No,No,No
,Indians Of South America,Paul Radin,Native Americans,No,No,English,306,Chicago,No,No,No
,Belle,Paula Byrne,History,No,No,English ,304,Chicago ,No,No,No
,Oil And Ice,Peter Nichols,History,No,No,English ,304,Chicago ,No,No,No
,The Prado Guide,"Philip Sutton, Laura Suffield, & Jenny Dodman",Art,No,No,English,463,Chicago,No,No,No
,Kings And Queens Of Spain,Pilar Ramos Vincent,Travel,No,No,English,110,Chicago,No,No,No
,Inhuman Traffick,Rafe Blaufarb & Liz Clarke,History,No,No,English ,179,Chicago ,No,No,No
,Sex In History,Reay Tannehill,Gender Studies,No,No,English,426,Chicago,No,No,No
,Lost Bird Of Wounded Knee,Renee Sansom Flood,Native Americans,No,No,English,305,Chicago,No,No,No
,Chasing The Sun,Richard Cohen,Science,No,No,English,511,Chicago,No,No,No
,Lincoln and his Word,Richard Lawrence Miller,Civil War,No,No,English ,533,Chicago ,No,No,No
,The Diligent ,Robert Harms,History,No,No,English ,496,Chicago ,No,No,No
,Sitting Bull,Robert M. Utley,Native Americans,No,No,English,314,Chicago,No,No,No
,Red Nile,Robert Twigger,Egyptian Studies,No,No,English,449,Chicago,No,No,No
,The Long Pursuit,Roy Morris Jr.,Civil War,No,No,English ,217,Chicago ,No,No,No
,Upstairs And Downstairs,Sarah Warwick,TV and movie,No,No,English ,125,Chicago ,No,No,No
4,Treason's Shore,Sherwood Smith,Fiction,No,No,English ,770,Chicago ,No,No,No
3,The King's Shield,Sherwood Smith,Fiction,No,No,English ,687,Chicago ,No,No,No
2,The Fox,Sherwood Smith,Fiction,No,No,English ,772,Chicago ,No,No,No
1,Inda,Sherwood Smith,Fiction,No,No,English ,612,Chicago ,No,No,No
,World Religions,Simon Adams,Religion,No,No,English,61,Chicago,No,No,No
,Cincinnati Landmarks,Steven J. Rolfes,Travel,No,No,English,127,Chicago,No,No,No
,Pharaoh's People,T. G. H. James,Egyptian Studies,No,No,English,267,Chicago,No,No,No
,Visitor's Guide,Trinidad De Antonio & Jose Riello,Art,No,No,English,50,Chicago,No,No,No
,A Concise History Of The Civil War,William C. Davis,Civil War,No,No,English,60,Chicago,No,No,No
,Native American Almanac,Yvonne Wakim Dennis & Arlene Hirschfelder & Shannon Rothenberger Flynn,Native Americans,No,No,English,605,Chicago,No,No,No
,Victoria,A. N. Wilson,Biography,No,Yes,English ,575,Chicago ,Yes,Rec,Yes
,Prince Albert,A. N. Wilson,Biography,No,Yes,English ,390,Chicago ,Yes,Rec,Rec
,Imbeciles,Adam Cohen,Science,No,Yes,English ,323,Chicago ,Yes,Rec,Yes
,The Creative Spark,Agustin Fuentes,Anthropology,No,Yes,English ,292,Chicago ,Yes,Rec,Rec
,The Ugly Renaissance,Alexander Lee,History,No,Yes,English,354,Chicago,Yes,Rec,Rec
,The Duchess,Amanda Foreman,Biography,No,Yes,English,385,Chicago,Yes,Rec,Rec
,Where The Past Begins,Amy Tan,China,No,Yes,English ,357,Chicago ,Yes,Rec,Yes
,Saving Fish From Drowning,Amy Tan,Fiction,No,Yes,English ,474,Chicago ,Yes,No,No
,Scrappy Little Nobody ,Anna Kendrick,Memior,No,Yes,English ,271,Chicago ,Yes,Yes,Yes
2,The Vampire Lestat,Anne Rice,Fiction,No,Yes,English ,550,Chicago ,Yes,Rec,Yes
4,The Tale Of The Body Thief,Anne Rice,Fiction,No,Yes,English ,435,Chicago ,Yes,Rec,Yes
3,Queen Of The Damned,Anne Rice,Fiction,No,Yes,English ,491,Chicago ,Yes,Rec,Yes
11,Prince Lestat,Anne Rice,Fiction,No,Yes,English ,451,Chicago ,Yes,Yes,Yes
7,Merrick,Anne Rice,Fiction,No,Yes,English ,370,Chicago ,Yes,No,No
,127 Hours,Aron Ralston,Memior,No,Yes,English,400,Chicago,Yes,Rec,Rec
,Complications,Atul Gawande,Science,No,Yes,English ,252,Chicago ,Yes,Rec,Yes
,The Time Traveler's Wife,Audry Niffenegger,Fiction,No,Yes,English ,531,Chicago ,Yes,Rec,Yes
,Equality For Women = Prosperity For All,Augusto Lopez-Claros & Bahiyyih Nakhjavani,Gender Studies,No,Yes,English,253,Chicago,Yes,Rec,Rec
,Reading Lolita in Tehran,Azar Nafisi,Memior,No,Yes,English ,343,Chicago ,Yes,Rec,Yes
,Dreams From My Father,Barack Obama,Memior,No,Yes,English ,453,Chicago ,Yes,rec,Yes
,Horizon,Barry Lopez,History,No,Yes,English ,512,Chicago ,Yes,Rec,Yes
,Imagined Communities,Benedict Anderson,Anthropology,No,Yes,English ,206,Chicago ,Yes,Rec,Rec
,The Super Age,Bradley Schurman,History,No,Yes,English ,211,Chicago,Yes,Rec,Rec
,The Fabric Of The Cosmos,Brian Greene,Science,No,Yes,English,493,Chicago,Yes,Rec,Yes
1,The Countess,Catherine Coulter,Fiction,No,Yes,English ,391,Chicago ,Yes,No,No
,Testosterone Rex,Cerdelia,Science,No,Yes,English ,195,Chicago ,Yes,Rec,Rec
,Don Quixote,Cervantes,Classic,No,Yes,English,942,Chicago,Yes,Rec,Yes
,1493,Charels C. Mann,Native Americans,No,Yes,English ,521,Chicago ,Yes,Yes,Yes
,The Origin of Species,Charles Darwin,Science,No,Yes,English,384,Chicago,Yes,Rec,Yes
,Great Expectations,Charles Dickens,Classic,No,Yes,English,493,Chicago,Yes,Yes,Yes
,A Tale Of Two Cities,Charles Dickens,Classic,No,Yes,English,397,Chicago,Yes,Yes,Yes
,The Plague Cycle,Charles Kenny,Science,No,Yes,English ,237,Chicago ,Yes,Rec,Yes
,Jane Eyre,Charlotte Bronte,Classic,No,Yes,English,527,Chicago,Yes!,Rec,Yes
1,These Violent Delights,Chloe Gong,Fiction,No,Yes,English ,439,Chicago ,Yes,Yes,Yes
2,Our Violent Ends,Chloe Gong,Fiction,No,Yes,English ,496,Chicago,Yes,Yes,Yes
2,Eldest,Christopher Paolini,Fiction,No,Yes,Spanish,824,Chicago,Yes!,Yes,Rec
,Sex At Dawnn,Christopher Ryan & Cacilda Jetha,Science,No,Yes,English ,312,Chicago,Yes,No,No
1,Serpentine,Cindy Pon,Fiction,No,Yes,English ,274,Chicago ,Yes,No,No
,To Hold Up The Sky,Cixin Liu,Fiction,No,Yes,English ,334,Chicago,Yes,Rec,Yes
1,The Three Body Problem,Cixin Liu,Fiction,No,Yes,English ,416,Chicago ,Yes,Rec,Yes
,Founding Mothers,Cokie Roberts,American History,No,Yes,English,278,Chicago,Yes,Rec,Yes
,An Actor Prepares,Constantin Stanislavski,Theatre,No,Yes,English ,336,Chicago ,Yes,No,No
,Delusions of Gender,Cordelia Fine,Gender Studies,No,Yes,English,244,Chicago,Yes,No,No
,House Of Rain,Craig Childs,Native Americans,No,Yes,English,445,Chicago,Yes,Rec,Rec
2,The Da Vinci Code,Dab Brown,Fiction,No,Yes,English,454,Chicago,Yes,Yes,Yes
,Victoria,Daisy Goodwin,Fiction,No,Yes,English,404,Chicago,Yes,Rec,Yes
,The Art Of Happiness,Dalai Lama & Howard C. Cutler,Religion,No,Yes,English ,319,Chicago ,Yes,Rec,Yes
,Killers of the Flower Moon,David Grann,American History,No,Yes,English ,321,Chicago ,Yes,Yes,Yes
,The Children's Blizzard,David Laskin,History,No,Yes,English ,271,Chicago,Yes,Yes,Yes
,The Tangled Tree,David Quammen,Science,No,Yes,English ,386,Chicago ,Yes,Rec,Yes
,In Search Of The Old Ones,David Roberts,Native Americans,No,Yes,English ,238,Chicago ,Yes,Rec,rec
,Mightier Than The Sword,David S. Reynolds,Civil War,No,Yes,English,273,Chicago,Yes,No,No
,Frederick Douglass,David W. Blight,Civil War,No,Yes,English ,764,Chicago ,Yes,Rec,Yes
,Unorthodox,Deborah Feldman,Memior,No,Yes,English ,256,Chicago ,Yes,Rec,Yes
,The Last Castle,Denise Kiernan,History,No,Yes,English,303,Chicago,Yes,No,No
,The Zookeeper's Wife,Diane Ackerman,WWII,No,Yes,English,323,Chicago,Yes!,Yes,Yes
,Team Of Rivals,Doris Kearns Goodwin,Civil War,No,Yes,English,757,Chicago,Yes,Yes*,Yes
,American Moonshot,Douglas Brinkley,American History,No,Yes,English ,460,Chicago ,Yes,Rec,Yes
,Below The Edge Of Darkness,Dr. Edith Widder,Science,No,Yes,English ,302,Chicago,Yes,Rec,Yes
,Ice Bound,Dr. Jerri Nielsen,Memior,No,Yes,English ,362,Chicago,Yes,No,No
,Theodore Rex,Edmund Morris,American History,No,Yes,English,555,Chicago,Yes,Rec,Yes
,China,Edward Rutherfurd,Fiction,No,Yes,English ,764,Chicago ,Yes,Yes,Yes
,The Catalogue of Shipwrecked Books,Edward Wilson-Lee,History,No,Yes,English ,339,Chicago ,Yes,Rec,Yes
,Sex With Presidents,Eleanor Herman ,American History,No,Yes,English ,384,Chicago ,Yes,Rec,Rec
,Wuthering Heights,Emily Bronte,Classic,No,Yes,English ,334,Chicago ,Yes,Rec,Yes
,She Came To Slay,Erica Armstrong Dunbar,American History,No,Yes,English ,139,Chicago,Yes,Rec,Yes
,Age Of Ambition,Evan Osnos,China,No,Yes,English ,371,Chicago,Yes,No,No
,Crime And Punishment ,Fyodor Dostoevsky,Classic,No,Yes,English ,671,Chicago ,Yes,Rec,Yes
,The Borgias,G. J. Meyer,Biography,No,Yes,English,431,Chicago,Yes,Rec,Yes
,The Sumage Solution,G. L. Carriger,Fiction,No,Yes,English ,305,Chicago,Yes!,No,No
,The Witch's Heart,Genevieve Gornichec,Fiction,No,Yes,English ,347,Chicago,Yes,Rec,Yes
1,My Family And Other Animals,Gerald Durrell,Fiction,No,Yes,English,273,Chicago,Yes,No,No
,Gone Girl,Gillian Flynn,Fiction,No,Yes,English ,555,Chicago ,Yes,Yes,Yes
,To Kill a Mockingbird,Harper Lee,Fiction,No,Yes,English ,376,Chicago ,Yes,Yes,Yes
,H Is For Hawk,Helen Macdonald,Science,No,Yes,English ,283,Chicago ,Yes!,Yes,Yes
,The Romanov Sisters,Helen Rappaport,History,No,Yes,English ,381,Chicago ,Yes,Yes,Yes
,Admissions,Henry Marsh,Science,No,Yes,English ,270,Chicago,Yes,Rec,Yes
2,The Odyssey,Homer,Classic,No,Yes,English ,365,Chicago ,Yes,Rec,Yes
1,Wool,Hugh Howey,Fiction,No,Yes,English ,532,Chicago ,Yes!,No,No
,A Long Way Gone,Ishmael Beah,Memior,No,Yes,English ,218,Chicago ,Yes,Rec,Yes
1,The Black Tides Of Heaven,J. Y. Yang,Fiction,No,Yes,English ,236,Chicago,Yes,Yes,Yes
,Flags Of Our Fathers,James Bradley,WWII,No,Yes,English,538,Chicago,Yes,Rec,Yes
,"Wild Things, Wild Places",Jane Alexander,Science,No,Yes,English ,295,Chicago ,Yes,Rec,Rec
,Sense And Sensibility,Jane Austen,Classic,No,Yes,English ,337,Chicago ,Yes!,Rec,Yes
,Through A Window,Jane Goodall,Science,No,Yes,English,291,Chicago,Yes,Rec,Rec
,Collapse,Jared Diamond,Anthropology,No,Yes,English,525,Chicago,Yes,Rec,Yes
,Princess,Jean P. Sasson,Gender Studies,No,Yes,English,299,Chicago,Yes,No,No
1,Gods And Generals,Jeff Shaara,Fiction,No,Yes,English,498,Chicago,Yes,Rec,Yes
,A Crack In Creation,Jennifer A. Doudna & Samuel H. Sternberg,Science,No,Yes,English ,246,Chicago ,Yes,No,No
,Apollo's Angels,Jennifer Homans,Dance,No,Yes,English,550,Chicago,Yes,Rec,Rec
,A Confederacy of Dunces,John Kennedy Toole,Classic,No,Yes,English ,462,Chicago ,Yes,Rec,Yes
,Perfect Nightmare,John Saul,Fiction,No,Yes,English ,365,Chicago,Yes,No,No
,The Winter Of Our Discontent,John Steinbeck,Classic,No,Yes,English ,358,Chicago ,Yes,No,Yes
,Grapes Of Wrath,John Steinbeck,Classic,No,Yes,English,581,Chicago,Yes,Rec,Yes
,Che Guevara,Jon Lee Anderson,South American History,No,Yes,English,754,Chicago,Yes,Rec,Rec
,The Search For Modern China,Jonathan D. Spence,China,No,Yes,English ,747,Chicago ,Yes,Rec,Rec
,Gulliver's Travels,Jonathan Swift,Classic,No,Yes,English,295,Chicago,Yes!,Rec,Yes
,The Book Of Mormon,Joseph Smith,Religion,No,Yes,English,531,Chicago,Yes,No,No
,War Of The Whales,Joshua Horwitz,Science,No,Yes,English ,355,Chicago,Yes,Rec,Yes
,Devolver Al Remitente,Julia Alvarez,Fiction,No,Yes,Spanish,349,Chicago ,Yes,Yes,Rec
,Evil,Julia Shaw,Science,No,Yes,English ,264,Chicago ,Yes,No,No
,Madhouse At The End Of The Earth,Julian Sancton,History,No,Yes,English ,307,Chicago ,Yes,Rec,Yes
,Mao the Unknown Story,Jung Chang,China,No,Yes,English,621,Chicago,Yes,No,No
,The Rise And Fall Of Alexandria,Justin Pollard & Howard Reid,Egyptian Studies,No,Yes,English ,290,Chicago,Yes,Rec,Rec
,The Case For God,Karen Armstrong,Religion,No,Yes,English,330,Chicago,Yes,Rec,Rec
,Muhammad A Prophet For Our Times,Karen Armstrong,Religion,No,Yes,English,214,Chicago,Yes,Rec,Yes
,Rosemary,Kate Clifforfd Larson,Biography,No,Yes,English ,231,Chicago,Yes!,Yes,Yes
,The Woman They Could Not Silence,Kate Moore,History,No,Yes,English ,454,Chicago,Yes,Yes,Yes
,Fly Girls,Keith O'Brien,History,No,Yes,English,265,Chicago,Yes,Rec,Yes
,Sex And Vanity,Kevin Kwan,Fiction,No,Yes,English ,315,Chicago,Yes,Yes,Yes
1,Ringworld,Larry Niven,Classic,No,Yes,English ,342,Chicago ,Yes,Rec,Yes
1,Six Of Crows,Leigh Bardugo,Fiction,No,Yes,English ,465,Chicago ,Yes!,No,No
2,Crooked Kingdom,Leigh Bardugo,Fiction,No,Yes,English ,536,Chicago ,Yes!,No,No
,Shanghai Girls,Lisa See,Fiction,No,Yes,English ,309,Chicago ,Yes,Yes,Yes
,Peony In Love,Lisa See,Fiction,No,Yes,English ,273,Chicago ,Yes,Rec,Yes
,On Gold Mountain,Lisa See,China,No,Yes,English ,385,Chicago ,Yes,Rec,Yes
,Dreams Of Joy,Lisa See,Fiction,No,Yes,English ,354,Chicago ,Yes,Yes,Yes
,China Dolls,Lisa See,Fiction,No,Yes,English ,376,Chicago,Yes,Rec,Yes
,Factory Girls,Lislie T. Chang,China,No,Yes,English ,407,Chicago ,Yes,Rec,Yes
,The Devil's Highway,Luis Alberto Urrea,Modern History,No,Yes,English ,235,Chicago,Yes,Rec,No
,Seven Skeletons,Lydia Pyne,Anthropology,No,Yes,English,246,Chicago,Yes,Rec,Yes
1,Luck in the Shadows,Lynn Flewelling,Fiction,No,Yes,English ,479,Chicago ,Yes,Rec,Rec
,The Song Of Achilles,Madeline Miller,Fiction,No,Yes,English ,369,Chicago ,Yes,Rec,Yes
,Circe,Madeline Miller,Fiction,No,Yes,English ,385,Chicago ,Yes,Yes,Yes
,An Excess Male,Maggie Shen King,Fiction,No,Yes,English ,402,Chicago ,Yes,Rec,Yes
,Holy Bible,Many,Religion,No,Yes,English,1466,Chicago,Yes,Yes,Yes
,Great American Short Stories,Many,Classic,No,Yes,English,782,Chicago,Yes,No,No
,Al Tanto,Many,Fiction,No,Yes,English ,133,Chicago ,Yes,No,No
,Unnatural Selection,Mara Hvistendahl,Science,No,Yes,English ,262,Chicago ,Yes,No,No
,Gone With The Wind,Margaret Mitchell,Classic,No,Yes,English,1024,Chicago,Yes,Rec,Yes
,"Silver, Sword, &  Stone",Marie Arana,South American History,No,Yes,English ,362,Chicago,Yes,Rec,Yes
,Brilliant Blunders,Mario Livio,Science,No,Yes,English,271,Chicago,Yes,No,No
1,Tiger Eye,Marjorie M. Liu,Fiction,No,Yes,English ,373,Chicago ,Yes,Rec,Rec
,Cod,Mark Kurlansky,History,No,Yes,English ,233,Chicago,Yes,Rec,Yes
,Works of Mark Twain,Mark Twain,Classic,No,Yes,English ,690,Chicago ,Yes,No,No
,I am the Messenger,Markus Zusak,Fiction,No,Yes,English ,357,Chicago ,Yes,Yes,Yes
,Stiff,Mary Roach,Death,No,Yes,English ,292,Chicago ,Yes,Rec,Yes
,When Montezuma Met Cortez,Matthew Restall,Native Americans,No,Yes,English,354,Chicago,Yes,Rec,Rec
,Women's Work,Megan K. Stack,Memior,No,Yes,English ,352,Chicago ,Yes,Rec,Rec
1,Dances with Wolves,Michael Blake,Fiction,No,Yes,English,320,Chicago,Yes,Rec,Yes
,Moonglow,Michael Chabon,Fiction,No,Yes,English ,430,Chicago ,Yes,Yes,Yes
,This Is Your Mind On Plants,Michael Pollan,Science,No,Yes,English ,247,Chicago,Yes,Yes,Yes
,The Adventures of Henry Thereau,Michael Sims,Biography,No,Yes,English ,321,Chicago ,Yes,No,No
,Anne Frank Remembered,Miep Gies with Alison Leslie Gold,WWII,No,Yes,English,252,Chicago,Yes,Rec,Yes
,Live Long And Evolve,Mohamed A. F. Noor,Star Trek,No,Yes,English,155,Chicago,Yes,No,No
2,The Tale of Genji vol 2,Murasaki Shikibu,Classic,No,Yes,English ,569,Chicago ,Yes,Rec,Rec
1,The Tale of Genji vol 1,Murasaki Shikibu,Classic,No,Yes,English ,521,Chicago ,Yes,Rec,Rec
1,The Gilded Ones,Namina Forna ,Fiction,No,Yes,English ,415,Chicago,Yes,Rec,Yes
1,Girls Of Paper And Fire,Natasha Ngan,Fiction,No,Yes,English ,391,Chicago ,Yes,Yes,Yes
,The Scarlet Letter,Nathaniel Hawthorne,Classic,No,Yes,English,290,Chicago,Yes,Yes,Yes
,In The Heart Of The Sea,Nathaniel Philbrick,History,No,Yes,English ,238,Chicago,Yes,Yes,Yes
,Be More Chill,Ned Vizzini,Fiction,No,Yes,English ,287,Chicago ,Yes,Yes,Rec
1,American Gods,Neil Gaiman,Fiction,No,Yes,English ,541,Chicago ,Yes,Yes,Yes
,Evita,Nicholas Fraser & Marysa Navarro,South American History,No,Yes,English,198,Chicago,Yes,No,No
,The 1619 Project,Nikole Hannah-Jones,Race Relations,No,Yes,English ,480,Chicago,Yes,Yes,Yes
,My Thoughts Be Bloody,Nora Titone,Civil War,No,Yes,English,386,Chicago,Yes,Rec,Yes
,The Importance Of Being Ernest,Oscar Wilde,Play,No,Yes,English ,76,Chicago ,Yes,No,No
,From The Ruins of Empire,Pankaj Mishra,History,No,Yes,English ,320,Chicago ,Yes,Rec,Rec
,Empire Of Pain,Patrick Radden Keefe,Modern History,No,Yes,English ,441,Chicago,Yes,Yes,Yes
,The Book Of Eels,Patrick Svensson,Science,No,Yes,English ,235,Chicago ,Yes,Rec,Yes
1,The Good Earth,Pearl S. Buck,Fiction,No,Yes,English ,418,Chicago ,Yes,Rec,Yes
2,The New Silk Roads,Peter Frankopan,China,No,Yes,English ,230,Chicago ,Yes,Rec,Rec
1,Silk Roads,Peter Frankopan,China,No,Yes,English ,505,Chicago ,Yes,Rec,Yes
,Oracle Bones,Peter Hessler,China,No,Yes,English ,458,Chicago ,Yes!,No,No
,The Water Kingdom,Philip Ball,China,No,Yes,English ,314,Chicago,Yes,Rec,Rec
,In The Heights Finding Home,"Quiara Alegr√≠a Hudes, Jeremy McCarter, & Lin-Manuel Miranda",Theatre,No,Yes,English ,269,Chicago,No,Rec,Yes
1,The Poppy War,R. F. Kuang,Fiction,No,Yes,English ,527,Chicago,Yes,Yes,Yes
2,The Dragon Republic,R. F. Kuang,Fiction,No,Yes,English ,654,Chicago,Yes,Yes,Yes
3,The Burning God,R. F. Kuang,Fiction,No,Yes,English ,614,Chicago,Yes,Yes,Yes
,Fathoms,Rebecca Giggs,Science,No,Yes,English ,283,Chicago ,Yes,Rec,Yes
,God: A Human History,Reza Aslan,Religion,No,Yes,english,171,Chicago ,Yes,Yes,Yes
,Founder's Son,Richard Brookhiser,Civil War,No,Yes,English,305,Chicago,Yes,Rec,Rec
,Infamy,Richard Reeves,WWII,No,Yes,English,285,Chicago,Yes,Rec,Yes
,Daughter Of The Deep,Rick Riordan,Fiction,No,Yes,English ,336,Chicago,Yes,Yes,Yes
1,The Bone Witch,Rin Chupeco,Fiction,No,Yes,English ,425,Chicago ,Yes!,Yes,Yes
,The Man Who Touched His Own Heart,Rob Dunn,Science,No,Yes,English,329,Chicago,Yes,Rec,Rec
,Catherine the Great,Robert K. Massie,Biography,No,Yes,English ,574,Chicago ,Yes,Yes,Yes
,Difficult Women,Roxane Gay,Gender Studies,No,Yes,English ,258,Chicago ,Yes,No,No
,Thousand Pieces Of Gold,Ruthanne Lum McCunn,China,No,Yes,English ,308,Chicago ,Yes!,No,No
,Light From Uncommon Stars,Ryka Aoki,Fiction,No,Yes,English ,369,Chicago,Yes,Rec,Yes
,Hymns Of The Republic,S. C. Gwynne,Civil War,No,Yes,English ,325,Chicago ,Yes,Rec,Yes
,The Disappearing Spoon,Sam Kean,Science,No,Yes,English ,346,Chicago,Yes,Rec,Yes
,The Lemon Tree,Sandy Tolan,Modern History,No,Yes,English ,270,Chicago,Yes,No,No
,Early,Sarah DiGregorio,Science,No,Yes,English ,308,Chicago,Yes,Rec,Rec
,A Long Way Home,Saroo Brierley,Memior,No,Yes,English ,273,Chicago ,Yes!,Rec,Yes
,My Beloved World,Sonia Sotomayor,Memior,No,Yes,English,302,Chicago,Yes,Yes,Yes
2,The Girl Who Played with Fire,Stieg Larsson,Fiction,No,Yes,English ,503,Chicago ,Yes,Yes,Yes
3,The Girl Who Kicked the Hornet's Nest,Stieg Larsson,Fiction,No,Yes,English ,563,Chicago ,Yes,Yes,Yes
,The Art Of War,Sun Tzu,China,No,Yes,English ,128,Chicago ,Yes!,Yes,Yes
,The Orchid Thief,Susan Orlean,History,No,Yes,English ,282,Chicago ,Yes,Rec,Yes
,Brain On Fire,Susannah Cahalan,Memior,No,Yes,English ,250,Chicago ,Yes,Yes,Yes
,The Soul Of An Octopus,Sy Montgomery,Science,No,Yes,English ,244,Chicago ,Yes,Yes,Yes
,Under The Whispering Door,T. J. Klune,Fiction,No,Yes,English ,373,Chicago,Yes,Yes,Yes
,Schindler's List,Thomas Keneally,Fiction,No,Yes,English,397,Chicago,Yes,Rec,Yes
,The Killing Of Crazy Horse,Thomas Powers,Native Americans,No,Yes,English,467,Chicago,Yes,Rec,Rec
,In The Shadow Of The Sword,Tom Holland,History,No,Yes,English ,474,Chicago,Yes,Rec,Yes
,The Bluest Eye,Toni Morrison,Classic,No,Yes,English ,206,Chicago ,Yes,Rec,Yes
,Confederates In The Attic,Tony Horwitz,Civil War,No,Yes,English ,390,Chicago ,Yes,Rec,Yes
,Strength In What Remains,Tracy Kidder,History,No,Yes,English ,259,Chicago,Yes,Rec,Yes
,K,Tyler Kepner,American History,No,Yes,English ,275,Chicago ,Yes,Rec,Yes
6,The Dispossessed,Ursula K. Le Guin,Fiction,No,Yes,English ,387,Chicago ,Yes,Rec,Yes
5,Tales From Earthsea,Ursula K. Le Guin,Fiction,No,Yes,English ,280,Chicago ,Yes,Yes,Yes
1,A Wizard Of Earthsea,Ursula K. Le Guin,Fiction ,No,Yes,English ,257,Chicago,Yes,Yes,Yes
,Two Lives,Vikram Seth,WWII,No,Yes,English,503,Chicago,Yes,Rec,rec
,The Code Breaker,Walter Isaacson,Science,No,Yes,English ,481,Chicago,Yes,Yes,Yes
,Abraham Lincoln And Civil War America,William E. Gienapp,Civil War,No,Yes,English,203,Chicago,Yes,Rec,Rec
,Leonard,Willian Shatner & David Fisher,Star Trek,No,Yes,English,275,Chicago,Yes,Rec,Yes
1,Ross Poldark,Winston Graham,Fiction,No,Yes,English,376,Chicago,Yes,Rec,Yes
,China In Ten Words,Yu Hua,China,No,Yes,English ,225,Chicago,Yes,Rec,Rec
,The Book Of Longings,Sue Monk Kidd,Fiction,No,Yes,English ,407,Chicago,Yes,Yes,Yes
,Room,Emma Donoghue,Fiction,No,Yes,English ,321,Chicago,Yes,Yes,Yes
,"The Fork, The Witch, And The Worm",Christopher Paolini,Fiction,No,Yes,English ,269,Chicago,Yes,Yes,Yes
,Volta,Many,Theatre,Yes,No,English ,63,Chicago ,No,No,No
,The Cher Show,Many,Theatre,Yes,No,English ,33,Chicago ,No,No,No
,Come From Away,Many,Theatre,Yes,No,English ,35,Chicago ,No,No,No
,Baha'i Prayers,Many,Religion,Yes,No,English ,28,Chicago ,No,No,No
,Multisensory Teaching of Basic Language Skills,Suzanne Carreker & Judith R. Birsh,Teaching,Yes,No,English ,191,Chicago ,No,No,No
,The Gettysburg Address,Abraham Lincoln,Civil War,Yes,No,English ,89,Chicago ,No,No,No
4,Heartstopper vol 4,Alice Oseman,Fiction ,Yes,No,English ,367,Chicago,No,No,No
3,Heartstopper 3,Alice Oseman,Fiction,Yes,No,English ,351,Chicago ,No,No,No
2,Heartstopper 2,Alice Oseman,Fiction,Yes,No,English ,320,Chicago ,No,No,No
1,HeartStopper,Alice Oseman,Fiction,Yes,No,English ,263,Chicago,No,No,No
,The Mushroom At The End Of The World,Anna Lowenhaupt Tsing,Textbook,Yes,No,English ,288,Chicago ,No,No,No
2,Maus II,Art Spiegelman,WWII,Yes,No,English,136,Chicago,No,No,No
1,Maus I ,Art Spiegelman,WWII,Yes,No,English,159,Chicago,No,No,No
,Designs For The Pluriverse,Arturo Escobar,Textbook,Yes,No,English ,227,Chicago ,No,No,No
,The Nature Of The Chinese Character,Barbara Aria,China,Yes,No,English,93,Chicago,No,No,No
,Urban Tantra,Barbara Carrellas,Textbook,Yes,No,English,259,Chicago,No,No,No
,Dreaming,Barbara Tedlock,Textbook,Yes,No,English,261,Chicago,No,No,No
,Beijing Comrades,Bei Tong,Fiction,Yes,No,English ,380,Chicago ,No,No,No
,Baba,Belle Yang,China,Yes,No,English ,208,Chicago,No,No,No
,Spark,Bill Chambers & Matei Zaharia,Textbook,Yes,No,English ,559,Chicago ,No,No,No
,Survival Chinesee,Boye Lafayette De Mente,Language,Yes,No,English ,158,Chicago ,No,No,No
,1858,Bruce Chadwick,Civil War,Yes,No,English,300,Chicago,No,No,No
,Of Beards And Men,Christopher Oldstone-Moore,History,Yes,No,English ,292,Chicago ,No,No,No
,Archaeology,Colin Renfrew & Paul Bahn,Textbook,Yes,No,English ,595,Chicago ,No,No,No
,China,"Damian Harper, Piera Chen, Megan Eaves, & David Eimer",Travel,Yes,No,English,1036,Chicago,No,No,No
,Linux Pocket Guide,Daniel J. Barrnett,Coding,Yes,No,English,248,Chicago,No,No,No
,Linear Algebra And It's Aplications,"David C. Lay, Steven R. Lay, & Judi J. McDonald",Textbook,Yes,No,English,494,Chicago,No,No,No
,Wicked The Grimmerie,David Cote,Theatre,Yes,No,English,189,Chicago,No,No,No
,The Art Of Language Invention,David J. Peterson,Textbook,Yes,No,English,265,Chicago,No,No,No
,Becoming RBG,Debbie Levy,RBG,Yes,No,English,191,Chicago,No,No,No
,My Friend Dahmer,Derf Backderf,Memior,Yes,No,English,224,Chicago,No,No,No
,Applied Statistics And Probability For Engineers,Douglas C. Montgomery & George C. Runger,Textbook,Yes,No,English,734,Chicago,No,No,No
,The Nature Of Biology,Dr. Jill Beyette,Textbook,Yes,No,English,152,Chicago,No,No,No
,Gender Your Guide,Dr. Lee Airton,Gender Studies,Yes,No,English,214,Chicago,No,No,No
,Espania,Emma Bradford,Travel,Yes,No,English & Spanish,31,Chicago,No,No,No
,The Neandertals,Erik Trinkaus & Pat Shipman,Anthropology,Yes,No,English,419,Chicago,No,No,No
,Idiot's Guide To Tiny House,Gabriella & Andrew Morrison,Practical Skills,Yes,No,English,272,Chicago,No,No,No
,Trabajo Y Vida,Garfinkel Latorre,Language,Yes,No,English ,184,Chicago ,No,No,No
,They Called Us Enemy,"George Takei, Justin Eisinger, & Steven Scott",WWII,Yes,No,English,204,Chicago,No,No,No
,Lincoln And Medicine,Glenna R. Schoeder-Lein,Civil War,Yes,No,English,89,Chicago,No,No,No
1,Fullmetal Alchemist,Hiromu Arakawa,Fiction,Yes,No,English ,269,Chicago ,No,No,No
,Professor Stewart's Casebook Of Mathematical Mysteries,Ian Stewart,Math,Yes,No,English,307,Chicago,No,No,No
,History Makers,Ian Whitelaw & Julie Whitaker,Biography,Yes,No,English,247,Chicago,No,No,No
,Spanish For Oral And Written Review,Iglesias-Meiden,Textbook,Yes,No,English ,429,Chicago ,No,No,No
,They Came Before Columbus,Ivan van Sertima,Native Americans,Yes,No,English,272,Chicago,No,No,No
,Yes means Yes,Jaclyn Friedman & Jessica Valenti,Textbook,Yes,No,English,319,Chicago,No,No,No
,The Ethical Slut,Janet W. Hardy & Dossie Easton,Textbook,Yes,No,English,295,Chicago,No,No,No
,El Escorial,Jean-Francois Lasnier,Travel,Yes,No,English,64,Chicago,No,No,No
,Harriet Beecher Stowe,Joan D. Hedrick,American History,Yes,No,English,398,Chicago,No,No,No
,The Enigmas of Easter Island,John Flenley and Paul Bahn,Anthropology,Yes,No,English,213,Chicago,No,No,No
,Ordinary Affects,Kathleen Stewart,Textbook,Yes,No,English ,129,Chicago ,No,No,No
,The History Of The Original Peoples Of Northern Canada,Keith J. Crowe,Native Americans,Yes,No,English ,264,Chicago ,No,No,No
,57 Practical Programs & Games In Basic,Ken Tracton,Coding,Yes,No,English ,204,Chicago ,No,No,No
,Algorithms,Kenneth A. Berman & Jerome L. Paul,Textbook,Yes,No,English ,443,Chicago ,No,No,No
,Biology,"Kenneth A. Mason, Jonathan B. Losos, & Susan R. Singer",Textbook,Yes,No,English,1281,Chicago,No,No,No
,American Indian Archaeology,Kenneth Barnett Tankersley & Robert Brand Newman,Textbook,Yes,No,English,295,Chicago,No,No,No
,Living Language,Laura M. Ahearn,Textbook,Yes,No,English,304,Chicago,No,No,No
,Son Of The Revolution,Liang Heng & Judith Shapiro,China,Yes,No,English,292,Chicago,No,No,No
,"Natasha, Pierre, & the Great Comet of 1812",Many,Theatre,Yes,No,English ,208,Chicago ,No,No,No
,Anthropology Explored,Many,Anthropology,Yes,No,English,449,Chicago,No,No,No
,A History Of The Wife,Marilyn Yalom,Anthropology,Yes,No,English,400,Chicago,No,No,No
,Persepolis The Story Of A Return,Marjane Satrapi,Gender Studies,Yes,No,English,187,Chicago,No,No,No
,Persepolis The Story Of A Childhood,Marjane Satrapi,Gender Studies,Yes,No,English,153,Chicago,No,No,No
,Python Pocket Guide,Mark Lutz,Coding,Yes,No,English,242,Chicago,No,No,No
,The Language Construction Kit,Mark Rosenfelder,Textbook,Yes,No,English,249,Chicago,No,No,No
,China Mountain Zhang,Maureen F. McHugh,Fiction,Yes,No,English ,311,Chicago ,No,No,No
,Avatar: The Lost Adventures,Michael DiMartino & Bryan Konietzko,TV and movie,Yes,No,English,226,Chicago,No,No,No
,Practical Strategies,Mike Markel & Stuart A. Selber,Textbook,Yes,No,English ,446,Chicago ,No,No,No
1,The Scum Villan's Self-Saving System Vol 1,Mo Xiang Tong Xiu,MXTX,Yes,No,English ,291,Chicago,No,No,No
1,The Grandmaster Of Demonic Cultivation Vol 1,Mo Xiang Tong Xiu,MXTX,Yes,No,English ,350,Chicago,No,No,No
1,Heaven Official's Blessing Vol 1,Mo Xiang Tong Xiu,MXTX,Yes,No,English ,372,Chicago,No,No,No
,The Way To Rainy Mountain,N. Scott Monaday,Native Americans,Yes,No,English,89,Chicago,No,No,No
,Museum Of Lost Art,Noah Charney,Art,Yes,No,English,280,Chicago,No,No,No
,Guide To Gettng It On,Paul Joannides,Textbook,Yes,No,English,1080,Chicago,No,No,No
,Designs For An Anthropology Of The Contemporary,Paul Rainbow & George E. Marcus,Textbook,Yes,No,English ,121,Chicago ,No,No,No
,Formal Languages And Automata,Peter Linz,Textbook,Yes,No,English ,375,Chicago ,No,No,No
1,Lore Olympus vol 1,Rachel Smythe,Fiction,Yes,No,English ,384,Chicago,No,No,No
,Mastering Cloud Computing,"Rajkumar Buyya, Christian Vecchiola, & S. Thamarai Selvi",Textbook,Yes,No,English ,425,Chicago ,No,No,No
,The Hot Sauce Cookbook,Robb Walsh,Practical Skills,Yes,No,English,140,Chicago,No,No,No
,How Humans Evolved,Robert Boyd & Joan B. Silk,Textbook,Yes,No,English,440,Chicago,No,No,No
,Anthropology And Religion,Robert L. Winzeler,Textbook,Yes,No,English,280,Chicago,No,No,No
,Sleep Paralysis,Shelly R. Adler,Textbook,Yes,No,English,136,Chicago,No,No,No
,Discovering Human Sexuality,"Simon LeVay, Janice Baldwin, & John Baldwin",Textbook,Yes,No,English,557,Chicago,No,No,No
,The Thrilling Adventures of Lovelace And Babage,Sydney Padua,Biography,Yes,No,English,317,Chicago,No,No,No
,Geological Aspects of Key Archaeological Sites In Northern Kentucky And Southern Ohio,Timothy S. Dalbey,Textbook,Yes,No,English,119,Chicago,No,No,No
,Hadoop,Tom White,Textbook,Yes,No,English ,700,Chicago ,No,No,No
,C++,Tony Gaddis,Textbook,Yes,No,English,1283,Chicago,No,No,No
,The Jungle,Upton Sinclair & Kristina Gehrmann,Classic,Yes,No,English,378,Chicago,No,No,No
,iOS 8 Swift Programming Cookbook,Vandad Nahavandipoor,Coding,Yes,No,English,862,Chicago,No,No,No
,Sexuality: A Very Short Introduction,Veronique Mottier,Gender Studies,Yes,No,English ,127,Chicago,No,No,No
,This Land Was Theris,Wendell H. Oswalt,Textbook,Yes,No,English,485,Chicago,No,No,No
,The Good Women Of China,Xinran,China,Yes,No,English,242,Chicago,No,No,No
,Sky Burial,Xinran,China,Yes,No,English ,158,Chicago,No,No,No
,Chinese Society And Culture,Yao Baorong & Wei Zhou,China,Yes,No,English,479,Chicago,No,No,No
,It's All In The Frijoles,Yolanda Nava,South American History,Yes,No,English,293,Chicago,No,No,No
,Chess,Yury Shulman,Practical Skills,Yes,No,English ,205,Chicago ,No,No,No
,Midnight In Chernobyl,Adam Higginbotham,History,Yes,Yes,English ,,Chicago,Yes,Yes,Yes
,Cemetery Boys,Aiden Thomas,Fiction,Yes,Yes,English ,344,Chicago ,Yes,Yes,Yes
,Refugee,Alan Grantz,Fiction,Yes,Yes,English,338,Chicago,Yes,Yes,Yes
,Dear Girls,Ali Wong,Memior,Yes,Yes,English ,240,Chicago ,Yes,Yes,Yes
,The Children Of Henry VIII,Alison Weir,Biography,Yes,Yes,English,366,Chicago,Yes,Rec,Yes
,Stranger In Shogun's City,Amy Stanley,History,Yes,Yes,English ,252,Chicago ,Yes,Rec,Yes
,The Joy Luck Club,Amy Tan,Fiction,Yes,Yes,English ,288,Chicago ,Yes!,Rec,Yes
,The Martian,Andy Weir,Fiction,Yes,Yes,English ,435,Chicago ,Yes!,No,No
,Artemis,Andy Weir,Fiction,Yes,Yes,English ,305,Chicago,Yes,No,No
,The Hate You Give,Angie Thomas,Fiction,Yes,Yes,English ,444,Chicago ,Yes,Yes,Yes
,Marie Antoinette,Antonia Fraser,Biography,Yes,Yes,English,458,Chicago,Yes,Yes,Rec
,How It All Blew Up,Arvin Ahmadi,Fiction,Yes,Yes,English ,304,Chicago ,Yes,Rec,Yes
,Tender Is The Flesh,Augustina Bazterrica,Fiction,Yes,Yes,English ,209,Chicago ,Yes,Rec,Yes
,Eat The Buddha,Barbara Demick,China,Yes,Yes,English ,325,Chicago ,Yes,Rec,Yes
,Why Are All The Black Kids..,Beverly Daniel Tatum,Race Relations,Yes,Yes,English,358,Chicago,Yes,Rec,Yes
,Abriendo Puertas,Bowen y Bowen,Classic,Yes,Yes,Spanish,638,Chicago,Yes,No,No
,Dracula,Bram Stoker,Classic,Yes,Yes,English,413,Chicago,Yes!,Yes,Yes
,The Vanishing Half,Brit Bennet,Fiction,Yes,Yes,English ,343,Chicago ,Yes,Yes,Yes
,Just Mercy,Bryan Stevenson ,Race Relations,Yes,Yes,English ,336,Chicago ,Yes,Yes,Yes
,Will My Cat Eat My Eyeballs?,Caitlin Doughty,Death,Yes,Yes,English,204,Chicago,Yes,Rec,Yes
,From Here to Eternity,Caitlin Doughty,Death,Yes,Yes,English ,236,Chicago ,Yes!,Rec,Yes
,She Has Her Mother's Laugh,Carl Zimmer,Science,Yes,Yes,English ,574,Chicago ,Yes,Rec,Yes
,Nobody's Victim,Carrie Goldberg,Gender Studies,Yes,Yes,English ,219,Chicago ,Yes,Rec,Yes
,Inferno,Catherine Cho,Memior,Yes,Yes,English ,242,Chicago ,Yes,Rec,Yes
,Weapons of Math Destruction,Cathhy O'neil,Math,Yes,Yes,English ,218,Chicago ,Yes,Rec,Yes
,Know My Name,Channel Millar,Memior,Yes,Yes,English ,357,Chicago ,Yes,Yes,Yes
,1491,Charels C. Mann,Native Americans,Yes,Yes,English,416,Chicago,Yes,Rec,Yes
,Oliver Twist,Charles Dickens,Classic,Yes,Yes,English,506,Chicago,Yes,Rec,Yes
,Gods of The Upper Air,Charles King,Anthropology,Yes,Yes,English,345,Chicago,Yes,Rec,Yes
4,Inheriance,Christopher Paolini,Fiction,Yes,Yes,English,849,Chicago,Yes,Yes,Yes
1,Eragon,Christopher Paolini,Fiction,Yes,Yes,English,497,Chicago,Yes!,Yes,Yes
2,Eldest,Christopher Paolini,Fiction,Yes,Yes,English,668,Chicago,Yes!,Yes,Yes
3,Brisingr,Christopher Paolini,Fiction,Yes,Yes,English,748,Chicago,Yes,Yes,Yes
,Little Princes,Conor Grennan,Memior,Yes,Yes,English,282,Chicago,Yes,Rec,Yes
,The Road,Cormac McCarthy,Fiction,Yes,Yes,English ,241,Chicago ,Yes,Rec,Yes
,Flowers For Algernon,Daniels KeYes,Classic,Yes,Yes,English,311,Chicago,Yes,Yes,Yes
,The Divine Comedy,Dante Alighieri,Classic,Yes,Yes,English,693,Chicago,Yes,Yes,Yes
,Rebecca,Daphnie duMaurier,Classic,Yes,Yes,English,380,Chicago,Yes,Rec,Yes
,John Adams,David McCullough,American History,Yes,Yes,English,651,Chicago,Yes,Rec,Yes
,The Heartbeat Of Wounded Knee,David Treuer,Native Americans,Yes,Yes,English,455,Chicago,Yes!,Rec,Yes
,The Uninhabitable Earth,David Wallace-Wells,Science,Yes,Yes,English ,310,Chicago ,Yes,Rec,Yes
,Frankly In Love,David Yoon,Fiction,Yes,Yes,English ,406,Chicago ,Yes,Yes,Yes
,Bury My Heart At Wounded Knee,Dee Brown,Native Americans,Yes,Yes,English ,509,Chicago ,Yes!,Yes,Yes
,The Girls Of Atomic City,Denise Kiernan,WWII,Yes,Yes,English,315,Chicago,Yes!,No,No
,Morgue,Dr. Vincent Di Maio & Ron Franscell,Death,Yes,Yes,English,256,Chicago,Yes,Rec,Yes
,Edgar Allan Poe Classic Stories,Edgar Allan Poe,Fiction,Yes,Yes,English ,348,Chicago ,Yes,No,No
1,The Rise Of Theodore Roosevelt,Edmund Morris,American History,Yes,Yes,English,782,Chicago,Yes,Rec,Yes
,Genesis,Edward O. Wilson,Science,Yes,Yes,English,125,Chicago,Yes,No,No
,Night,Elie Wiesel,WWII,Yes,Yes,English,115,Chicago,Yes,Rec,Yes
,The Sixth Extinction,Elizabeth Kolbert,Science,Yes,Yes,English ,269,Chicago ,Yes,Yes,Yes
,Demystifying Disability,Emily Ladau,History,Yes,Yes,English ,149,Chicago ,Yes,No,No
,A Furious Sky,Eric Jay Dolon,History,Yes,Yes,English ,305,Chicago,Yes,Rec,Yes
,Devil In The White City,Erik Larson,American History,Yes,Yes,English,390,Chicago,Yes,Yes,Yes
,A Thousand Miles To Freedom,Eunsun Kim & Sebastien Falletti,Memior,Yes,Yes,English,228,Chicago,Yes,Rec,Yes
,The Great Gatsby,F. Scott Fitzgerald,Classic,Yes,Yes,English ,182,Chicago ,Yes,Yes,Yes
,Cheaper By The Dozen,Frank B. Gilbreth & Ernestine Gilbreth Carey,Memior,Yes,Yes,English ,292,Chicago ,Yes,Yes,Yes
,The Only Plane In The Sky,Garrett M. Graff,Modern History,Yes,Yes,English,425,Chicago,Yes,Yes,Yes
,1421,Gavin Menzies,China,Yes,Yes,English,491,Chicago,Yes,Rec,Yes
,Uncle Tom's Cabin,Harriet Beecher Stowe,Classic,Yes,Yes,English,462,Chicago,Yes,Yes,Yes
,Lab Girl,Hope Jahren,Memior,Yes,Yes,English ,282,Chicago ,Yes,Yes,Yes
,The Outlaw Ocean,Ian Urbina,History,Yes,Yes,English,408,Chicago,Yes,Rec,Yes
,Come From Away: Welcome To The Rock,Irene Sankoff & David Hein,Theatre,Yes,Yes,English,223,Chicago,Yes,Rec,Yes
,Notorious RBG,Irin Cameron & Shana Knizhnik,RBG,Yes,Yes,English,195,Chicago,Yes,Rec,Yes
,The Rape Of Nanking,Iris Chang,China,Yes,Yes,English ,290,Chicago ,Yes!,Rec,Yes
,Genghis Khan And The Quest For God,Jack Weatherford,Biography,Yes,Yes,English,356,Chicago,Yes,Rec,Yes
,Pride And Prejudice,Jane Austen,Classic,Yes,Yes,English,375,Chicago,Yes!,Yes,Yes
,Persuasion,Jane Austen,Classic,Yes,Yes,English,238,Chicago,Yes!,Rec,Yes
,Emma,Jane Austen,Classic,Yes,Yes,English,448,Chicago,Yes!,Rec,Yes
,The Road To Dawn,Jared A. Brock,Civil War,Yes,Yes,English,264,Chicago,Yes,Rec,Yes
,Guns Germs And Steel,Jared Diamond,Anthropology,Yes,Yes,English,445,Chicago,Yes,Rec,Yes
,Stamped,Jason Reynolds & Ibram X. Kendi,Race Relations,Yes,Yes,English ,248,Chicago ,Yes,Yes,Yes
,Butterfly Swords,Jeannie Lin,Fiction,Yes,Yes,English ,282,Chicago ,Yes,Rec,Yes
,The Underground Girls Of Kabul,Jenny Nordberg,Gender Studies,Yes,Yes,English,306,Chicago,Yes,Rec,Yes
,Inherit The Wind,Jerome Lawrence & Robert E. Lee,Play,Yes,Yes,English ,129,Chicago ,Yes,No,No
,She Said,Jodi Kantor & Megan Twohey,Gender Studies,Yes,Yes,English ,261,Chicago ,Yes,Yes,Yes
,Look Me In The Eye,John Elder Robison,Memior,Yes,Yes,English ,304,Chicago ,Yes,Rec,Yes
,Black Elk Speaks,John G. Neihardt,Native Americans,Yes,Yes,English,274,Chicago,Yes,Rec,Yes
,The Anthropocene Reviewed,John Green,Anthropology,Yes,Yes,English ,274,Chicago,Yes,Yes,Yes
,China: A History,John Keay,China,Yes,Yes,English ,535,Chicago ,Yes,Rec,Yes
,Paradise Lost,John Milton,Classic,Yes,Yes,English,403,Chicago,Yes,Rec,Yes
,The Pearl,John Steinbeck,Fiction,Yes,Yes,English,90,Chicago,Yes,Rec,Yes
85,Of Mice and Men,John Steinbeck,Classic,Yes,Yes,English,107,Chicago,Yes,Yes,Yes
2,The Golem's Eye,Johnathan Stroud,Fiction,Yes,Yes,English,556,Chicago,Yes,Yes,Yes
1,Amulet Of Samarkand,Johnathan Stroud,Fiction,Yes,Yes,English,464,Chicago,Yes,Yes,Yes
3,Ptolemy's Gate,Jonathan Stroud,Fiction,Yes,Yes,English,501,Chicago,Yes,Yes,Yes
,Wild Swans,Jung Chang,China,Yes,Yes,English,508,Chicago,Yes,Rec,Yes
,Empress Dowager Cixi,Jung Chang,China,Yes,Yes,English ,436,Chicago ,Yes,Rec,Yes
,Cinderella Is Dead,Kalynn Bayron,Fiction,Yes,Yes,English ,385,Chicago,Yes,Rec,Yes
,Radium Girls,Kate Moore,American History,Yes,Yes,English,405,Chicago,Yes,Yes,Yes
,Behind The Beautiful Forevers,Katherine Boo,Textbook,Yes,Yes,English,254,Chicago,Yes,Yes,Yes
2,The Wall Of Storms,Ken Liu,Fiction,Yes,Yes,English ,852,Chicago,Yes,Rec,Yes
1,The Grace Of Kings,Ken Liu,Fiction,Yes,Yes,English ,618,Chicago ,Yes,Rec,Yes
3,Rich People Problems,Kevin Kwan,Fiction,Yes,Yes,English ,590,Chicago ,Yes,Yes,Yes
1,Crazy Rick Asians,Kevin Kwan,Fiction,Yes,Yes,English ,559,Chicago ,Yes,Yes,Yes
2,China Rich Girlfriend,Kevin Kwan,Fiction,Yes,Yes,English ,524,Chicago ,Yes,Yes,Yes
,Kite Runner,Khaled Hosseini,Fiction,Yes,Yes,English ,371,Chicago ,Yes,Yes,Yes
,A Thousand Splendid Suns,Khaled Hosseini,Fiction,Yes,Yes,English ,367,Chicago ,Yes,Rec,Yes
,Speak,Laurie Halse Anderson,Fiction,Yes,Yes,English,198,Chicago,Yes,Yes,Yes
,Shout,Laurie Halse Anderson,Poetry,Yes,Yes,English,291,Chicago,Yes,Yes,Yes
1,Ninth House,Leigh Bardugo,Fiction,Yes,Yes,English ,458,Chicago ,Yes,Yes,Yes
,War And Peace,Leo Tolstoy,Classic,Yes,Yes,English,1110,Chicago,Yes!,Rec,Yes
,Anna Karenina,Leo Tolstoy,Classic,Yes,Yes,English,870,Chicago,Yes,Yes,Yes
,Mao's Last Dancer,Li Cunxin,China,Yes,Yes,English,492,Chicago,Yes!,No,No
,Bullets And Opium,Liao Yiwu,China,Yes,Yes,English ,254,Chicago ,Yes,Rec,Yes
,"Gmorning, Gnight",Lin-Manuel Miranda,Poetry,Yes,Yes,English,201,Chicago,Yes,Yes,Yes
,Hamilton The Revolution,Lin-Manuel Miranda & Jeremy McCarter,Theatre,Yes,Yes,English,285,Chicago,Yes,Yes,Yes
1,The First Sister,Linden A. Lewis,Fiction,Yes,Yes,English ,342,Chicago ,Yes!,Rec,Yes
,The Tea Girl Of Hummingbird Lane,Lisa See,Fiction,Yes,Yes,English ,384,Chicago ,Yes,Yes,Yes
,The Island Of Sea Women,Lisa See,Fiction,Yes,Yes,English ,365,Chicago,Yes,Yes,Yes 
,Snow Flower And The Secret Fan,Lisa See,Fiction,Yes,Yes,English ,288,Chicago ,Yes,Yes,Yes
,Little Women,Louisa May Alcott,Classic,Yes,Yes,English,520,Chicago,Yes,Yes,Yes
,If The Walls Could Talk,Lucy Worsley,History,Yes,Yes,English,325,Chicago,Yes,Rec,Yes
,The Children's Bible ,Many,Religion,Yes,Yes,English,510,Chicago,Yes,No,No
,Hidden Figures,Margot Lee Shetterly,Gender Studies,Yes,Yes,English ,349,Chicago ,Yes,Yes,Yes
4,Winter,Marissa Meyer,Fiction,Yes,Yes,English,819,Chicago,Yes,Yes,Yes
2,Scarlet,Marissa Meyer,Fiction,Yes,Yes,English ,454,Chicago ,Yes,Yes,Yes
,The Curious Incident of the Night-time,Mark Haddon,Fiction,Yes,Yes,English ,221,Chicago ,Yes,Yes,Yes
,The Adventures of Tom Sawyer,Mark Twain,Classic,Yes,Yes,English,206,Chicago,Yes,Yes,Yes
,The Book Thief,Markus Zusak,Fiction,Yes,Yes,English,552,Chicago,Yes,Yes,Yes
,Stronger Than A Bronze Dragon,Mary Fan,Fiction,Yes,Yes,English ,372,Chicago ,Yes,Rec,Yes
,Frankenstein,Mary Shelley,Classic,Yes,Yes,English,282,Chicago,Yes!,Rec,Yes
,I Know Why The Caged Bird Sings,Maya Angelou,Memior,Yes,Yes,English ,289,Chicago ,Yes,Rec,Yes
,Becoming,Michelle Obama,Memior,Yes,Yes,English ,426,Chicago ,Yes,Yes,Yes
,Hood Feminism,Mikki Kendall,Gender Studies,Yes,Yes,English ,258,Chicago ,Yes,Yes,Yes
,All's Well,Mona Awad,Fiction,Yes,Yes,English ,354,Chicago,Yes,Yes,Yes
,Before The Dawn,Nicholas Wade,Anthropology,Yes,Yes,English,279,Chicago,Yes,Rec,Yes
,The Sun Is Also A Star,Nicola Yoon,Fiction,Yes,Yes,English ,344,Chicago ,Yes,Yes,Yes
,Vacation Guide To The Solar System,Olivia Koski & Jana Grevich,Science,Yes,Yes,English,228,Chicago,Yes,Rec,Rec
,Say Nothing,Patrick Radden Keefe,History,Yes,Yes,English,348,Chicago,Yes,Yes,Yes
,Duel With The Devil,Paul Collins,American History,Yes,Yes,English,218,Chicago,Yes!,Rec,Yes
,"Fevers, Feuds, and Diamonds",Paul Farmer,Modern History,Yes,Yes,English ,526,Chicago,Yes,Rec,Yes
2,The Other Boleyn Girl,Philippa Gregory,Fiction,Yes,Yes,English,661,Chicago,Yes,Rec,Yes
1,Black Sun,Rebecca Roanhorse,Fiction,Yes,Yes,English ,450,Chicago ,Yes,Rec,Yes
,The Immortal Life Of Henrietta Lacks,Rebecca Skloot,Science,Yes,Yes,English,345,Chicago,Yes,Yes,Yes
,The God Delusion,Richard Dawkins,Religion,Yes,Yes,English,420,Chicago,Yes,Yes,Yes
,Native Son,Richard Wright,Classic,Yes,Yes,English ,504,Chicago ,Yes,Rec,Yes
,Underland,Robert Macfarlane,Science,Yes,Yes,English,425,Chicago,Yes!,Rec,Yes
,White Fragility,Robin Diangelo,Race Relations,Yes,Yes,English ,154,Chicago ,Yes,Yes,Yes
,Hamilton,Ron Chernow,American History,Yes,Yes,English,738,Chicago,Yes,Yes,Yes
,Grant,Ron Chernow,American History,Yes,Yes,English,959,Chicago,Yes,Yes,Yes
,My Own Words,"Ruth Nader Ginsburg, Mary Hartnett, & Wendy W. Williams",RBG,Yes,Yes,English,334,Chicago,Yes,Yes,Yes
,Empire Of The Summer Moon,S. C. Gwynne,Native Americans,Yes,Yes,English,319,Chicago,Yes,Yes,Yes
,The Outsiders,S. E. Hinton,Fiction,Yes,Yes,English,180,Chicago,Yes,Yes,Yes
,The Education Of An Idealist,Samantha Power,Memior,Yes,Yes,English,552,Chicago,Yes,Rec,Yes
,Water For Elephants,Sara Gruen,Fiction,Yes,Yes,English,331,Chicago,Yes,Yes,Yes
,Race The Sands,Sarah Beth Durst,Fiction,Yes,Yes,English ,528,Chicago ,Yes,Rec,Yes
,The Gene,Siddhartha Mukherjee,Science,Yes,Yes,English,498,Chicago,Yes,Yes,Yes
,The Emperor Of All Maladies,Siddhartha Mukherjee,Science,Yes,Yes,English,472,Chicago,Yes,Yes,Yes
,The Downstairs Girl,Stacy Lee,Fiction,Yes,Yes,English ,369,Chicago ,Yes,Yes,Yes
,Cleopatra,Stacy Schiff,Egyptian Studies,Yes,Yes,English,326,Chicago,Yes,Yes,Yes
,The Only Good Indians,Stephen Graham Jones,Fiction,Yes,Yes,English ,305,Chicago ,Yes,Rec,Yes
,The Shining,Stephen King,Fiction,Yes,Yes,English ,447,Chicago ,Yes!,Rec,Yes
,Salem's Lot,Stephen King,Fiction,Yes,Yes,English,381,Chicago,Yes,Rec,Yes
,The Long Walk,Steven King,Fiction,Yes,Yes,English,391,Chicago,Yes,Rec,Yes
1,The Girl With The Dragon Tatoo,Stieg Larsson,Fiction,Yes,Yes,English ,590,Chicago ,Yes,Yes,Yes
,Daughter Of The Moon Goddess,Sue Lynn Tan,Fiction,Yes,Yes,English ,498,Chicago,Yes,Yes,Yes
,A Beautiful Mind,Sylvia Nasar,Biography,Yes,Yes,English,390,Chicago,Yes,Rec,Yes
2,Harrow The Ninth,Tamsyn Muir,Fiction,Yes,Yes,English ,512,Chicago ,Yes,Yes,Yes
1,Gideon The Ninth,Tamsyn Muir,Fiction,Yes,Yes,English ,448,Chicago ,Yes,Yes,Yes
,Educated,Tara Westover,Memior,Yes,Yes,English,332,Chicago,Yes,Yes,Yes
,High School,Tegan Quin and Sara Quin,Memior,Yes,Yes,English,361,Chicago,Yes,Rec,Yes
,The Mosquito,Timothy C. Winegard,Science,Yes,Yes,English ,442,Chicago ,Yes,Yes,Yes
,Cahokia,Timothy Pauketat,Native Americans,Yes,Yes,English,173,Chicago,Yes,Rec,Yes
,There There,Tommy Orange,Fiction,Yes,Yes,English ,290,Chicago ,Yes,Yes,Yes
,Song of Solomon,Toni Morrison,Classic,Yes,Yes,English ,337,Chicago ,Yes,Rec,Yes
,Beloved,Toni Morrison,Fiction,Yes,Yes,English ,324,Chicago ,Yes,Rec,Yes
,Mountains Beyond Mountains,Tracy Kidder,Textbook,Yes,Yes,English ,333,Chicago ,Yes,Rec,Yes
,Born A Crime,Trevor Noah,Memior,Yes,Yes,English ,289,Chicago ,Yes!,No,No
,The Jungle,Upton Sinclair,Classic,Yes,Yes,English,373,Chicago,Yes!,Yes,Yes
,The Boy Who Harnessed the Wind,William Kamkwamba and Bryan Mealer,Memior,Yes,Yes,English ,286,Chicago ,Yes,Rec,Yes
1,Iron Widow,Xiran Jay Zhao,Fiction,Yes,Yes,English ,391,Chicago,Yes,Yes,Yes
,Life Of Pi,Yann Martel,Fiction,Yes,Yes,English ,460,Chicago ,Yes,Yes,Yes
,Sapiens,Yuval Noah Harari,Anthropology,Yes,Yes,English,416,Chicago,Yes,Yes,Yes
,Homo Deus,Yuval Noah Harari,Anthropology,Yes,Yes,English ,402,Chicago ,Yes,Yes,Yes
,She Who Became The Sun,Shelley Parker-Chan,Fiction,Yes,Yes,English ,411,Chicago,Yes,Yes,Yes
,Proof Of Me,Erica Plouffe Lazure,Fiction,No,No,English ,248,Chicago,No,No,No

